clusterID	sample0	sample1	sample2	sample3	sample4	sample5	sample6	sample7	sample8	sample9	sample10	sample11	sample12	sample13	sample14
0	1	1	1	1	1	1	1	1	1	1	1	1	1	1	1
1	0.228292	0.921104	0.926316	0.952591	0.107559	0.965012	0.903481	0.962459	0.117488	0.966698	0.968551	0.966332	0.644346	0.968607	0.780015
2	0.761271	0.05176	0.0651372	0.0317439	0.881168	0.0227677	0.0765811	0.0246175	0.876212	0.0266583	0.0205155	0.0218096	0.334145	0.0196106	0.206525
3	0.706732	0.0279263	0.0565732	0.0160828	0.86612	0.0121641	0.0568637	0.012614	0.761756	0.0185755	0.0102087	0.00996704	0.304617	0.0100638	0.189413
4	0.21812	0.897755	0.917237	0.93653	0.0943772	0.954428	0.882534	0.950071	0.110586	0.95332	0.957922	0.954892	0.619013	0.958233	0.764659
5	0.0200114	0.367081	0.0157917	0.845241	0.0240579	0.0227266	0.0434825	0.700408	0.0117954	0.0170279	0.0228845	0.85652	0.0453131	0.0887282	0.0275618
6	0.0159789	0.476945	0.0478279	0.0585886	0.0111983	0.765394	0.0211919	0.216027	0.00931694	0.343251	0.169251	0.0704557	0.057713	0.755707	0.0157718
7	0.161896	0.0263969	0.787597	0.0163721	0.0453181	0.108328	0.798853	0.0153441	0.0758652	0.267708	0.72766	0.0129127	0.459357	0.0271936	0.69971
8	0.0102563	0.130285	0.00745201	0.62306	0.0118252	0.0116597	0.0213301	0.326355	0.00601833	0.00802208	0.0101475	0.581039	0.0232067	0.0211187	0.0133709
