mutID	sample0	sample1	sample2	sample3	sample4	sample5	sample6	sample7	sample8	sample9	sample10	sample11	sample12	sample13	sample14	clusterID
mut0	0.86166	0.996268	1	0.982036	0.984562	0.982142	1	1	0.884808	1	0.919028	1	1	0.983936	0.941432	0
mut1	1	1	0.98998	1	1	1	0.899298	0.966862	0.979758	1	1	0.95356	0.985858	0.908366	1	0
mut2	0.986426	1	0.956522	0.98901	0.989052	0.97217	1	0.987422	1	1	1	1	0.942732	0.975206	0.990724	0
mut3	0.97193	0.948656	0.942222	1	1	1	1	1	0.9405	1	1	0.991266	1	0.989648	1	0
mut4	0.993178	1	0.982658	0.986512	0.976446	0.994872	0.986138	1	0.931818	0.907128	0.895576	1	1	1	1	0
mut5	0.95966	1	0.965518	0.96281	0.980158	0.958848	0.998342	1	1	0.976284	0.995798	1	0.99315	0.98427	1	0
mut6	0.951644	0.968	1	0.992482	1	0.891518	0.989208	0.967346	1	0.979362	1	0.922078	1	0.981444	0.877862	0
mut7	1	0.961968	1	1	0.958742	0.963114	0.949698	0.991666	1	0.954546	0.98387	1	1	1	0.960976	0
mut8	0.980952	1	0.893024	0.959292	0.963282	0.942386	0.993576	1	1	0.978798	0.96875	0.89109	1	1	1	0
mut9	0.97373	0.966666	1	0.964	1	1	1	1	1	1	1	0.959184	0.922706	0.956322	0.977556	0
mut10	1	0.960938	1	1	1	0.967626	1	0.995516	0.996062	0.98106	1	1	0.974138	1	1	0
mut11	1	0.95238	0.97244	0.911764	0.968342	1	1	0.951542	1	1	0.98934	0.930958	1	0.99062	0.964352	0
mut12	0.971428	1	1	1	1	0.98998	0.945378	0.963856	0.949344	0.959064	1	0.979284	0.945794	1	0.994264	0
mut13	1	1	0.879032	0.956896	1	1	0.968554	0.97318	1	1	0.990654	0.94052	0.960938	1	0.96371	0
mut14	1	0.980468	1	1	1	1	1	1	1	0.99069	0.941398	1	1	0.926148	1	0
mut15	1	1	0.989816	1	1	0.996324	0.95122	0.996212	0.964844	0.9692	0.965198	0.99371	0.927798	0.99793	1	0
mut16	1	1	1	1	0.95981	0.890656	1	1	0.986426	0.989436	1	0.942116	0.959322	0.96344	0.99099	0
mut17	0.941432	0.95045	1	1	1	0.903092	1	1	0.97528	0.989154	1	1	0.966542	0.970298	0.988814	0
mut18	0.987068	1	1	1	0.955224	0.976	0.960818	0.929412	0.987212	0.984772	0.911764	1	1	0.981482	1	0
mut19	0.960138	0.96406	1	0.989474	1	0.984548	0.948	1	0.9625	1	1	0.969696	0.932822	1	1	0
mut20	0.967864	0.930232	1	1	0.966132	0.988142	0.982456	0.990792	1	0.977226	1	1	1	0.992396	0.904176	0
mut21	1	1	0.992832	0.985816	1	1	0.984802	0.966602	1	0.991032	0.981566	1	1	0.952198	0.996212	0
mut22	1	0.95302	1	0.917734	1	1	1	0.975048	1	1	0.95635	0.945234	0.979424	1	0.986718	0
mut23	1	0.934306	1	1	0.967032	0.975502	0.98969	1	1	1	1	0.966068	1	1	0.949084	0
mut24	1	1	1	0.899048	1	0.98427	1	0.946196	1	1	0.957198	0.976138	0.9638	1	1	0
mut25	1	0.988236	0.92647	0.993464	1	1	0.995884	1	1	0.956896	0.981344	0.981818	0.960894	0.961832	0.991364	0
mut26	0.952742	0.987342	1	0.994516	1	1	0.987756	1	1	1	0.98	1	1	1	0.962638	0
mut27	0.923076	0.95814	0.98354	0.981482	0.961404	1	0.997812	0.918604	1	0.946322	1	1	1	1	0.972516	0
mut28	1	1	0.979406	0.97286	0.908024	0.97474	1	0.928726	1	0.972972	1	1	1	1	1	0
mut29	0.988962	0.979166	0.970874	0.967872	1	0.943866	0.985074	1	1	1	1	0.972176	0.952772	0.911242	1	0
mut30	1	0.991836	1	0.939814	1	1	0.950944	1	1	0.993406	0.993104	1	1	1	0.961452	0
mut31	0.96748	0.984238	1	0.992482	1	1	1	0.989762	1	1	1	1	1	1	1	0
mut32	1	0.962838	1	0.89293	0.956356	0.972094	1	1	0.993174	1	1	0.977778	1	1	0.955116	0
mut33	0.974358	0.978304	0.974258	1	0.962826	0.997614	1	0.942584	1	0.889868	0.93647	0.946136	1	1	1	0
mut34	1	1	0.93578	1	0.98305	1	1	0.94929	0.985264	0.91902	0.986964	0.912066	0.96601	1	0.99352	0
mut35	1	1	1	1	1	1	1	1	1	0.990892	0.982456	1	0.951748	0.994198	1	0
mut36	1	1	0.987604	0.986194	0.977412	1	1	0.948412	1	1	0.98081	1	1	0.950324	1	0
mut37	0.60521	0.178174	0.57353	0.0533334	0.719666	0.0271844	0.677084	0.0670612	0.882076	0.0387096	0.643776	0.0736648	0.87169	0.0666666	0.803782	1
mut38	0.658536	0.16152	0.648648	0.0305676	0.753398	0.0174672	0.691466	0.0945946	0.82495	0.0721062	0.656988	0.0514018	0.915842	0.0642398	0.73453	1
mut39	0.617648	0.17551	0.704028	0.0350194	0.620546	0.0194932	0.704062	0.0820896	0.875846	0.0701754	0.65666	0.0616016	0.80734	0.088795	0.751824	1
mut40	0.633148	0.136187	0.634408	0.033543	0.675136	0.0121951	0.71036	0.0735632	0.893788	0.0591716	0.661224	0.0808824	0.884	0.0550848	0.782796	1
mut41	0.6	0.169231	0.676976	0.0652174	0.68932	0.0143885	0.76275	0.0568928	0.841684	0.0676532	0.7166	0.0862746	0.80214	0.0691928	0.766038	1
mut42	0.597662	0.162162	0.60546	0.036036	0.653642	0.0189036	0.691756	0.0397614	0.923954	0.0450282	0.604554	0.0773694	0.792524	0.0673076	0.72069	1
mut43	0.683026	0.168959	0.670912	0.034904	0.748202	0.016129	0.677966	0.0912864	0.848636	0.05291	0.669144	0.0960334	0.8658	0.0765958	0.676596	1
mut44	0.61484	0.131818	0.685026	0.043384	0.663678	0.0301318	0.727272	0.0646464	0.841464	0.054054	0.636772	0.0560748	0.912196	0.0745614	0.748414	1
mut45	0.612904	0.146045	0.628884	0.0455408	0.660754	0.0118343	0.602888	0.075993	0.945892	0.0631578	0.72469	0.0677966	0.828026	0.0871288	0.740426	1
mut46	0.673992	0.147368	0.692474	0.0380228	0.70044	0.0345572	0.658536	0.047244	0.925318	0.060606	0.63655	0.090909	0.8125	0.0796178	0.760956	1
mut47	0.610714	0.157447	0.731314	0.0438596	0.670708	0.0212314	0.661896	0.10846	0.899686	0.0308286	0.67729	0.0475248	0.863118	0.1	0.705654	1
mut48	0.56391	0.190855	0.694736	0.05	0.686238	0.0171527	0.695652	0.077922	0.868292	0.0591716	0.606316	0.104065	0.834102	0.106557	0.726514	1
mut49	0.661448	0.156788	0.712062	0.0392156	0.632478	0.0217864	0.700422	0.0646388	0.90167	0.0662252	0.745342	0.101818	0.911828	0.0650994	0.73743	1
mut50	0.604256	0.122905	0.619048	0.0323232	0.822134	0.0217786	0.626746	0.0826086	0.845454	0.0332718	0.626866	0.080306	0.822758	0.085837	0.749456	1
mut51	0.620408	0.118896	0.640472	0.033264	0.712598	0.0110294	0.612612	0.0542986	0.91042	0.0608696	0.687872	0.0756302	0.878958	0.053719	0.76695	1
mut52	0.664078	0.14128	0.63806	0.0466926	0.635514	0.018622	0.691666	0.0876826	0.951984	0.0592334	0.704226	0.0777096	0.810666	0.0798122	0.69379	1
mut53	0.643678	0.172477	0.653386	0.044597	0.760914	0.0220264	0.570094	0.0732178	0.90795	0.0939334	0.62802	0.108333	0.835322	0.0708334	0.774346	1
mut54	0.57944	0.135397	0.64	0.0440882	0.71024	0.00809716	0.695842	0.0849256	0.888888	0.0654396	0.67433	0.072893	0.761682	0.0655738	0.751798	1
mut55	0.600398	0.167382	0.725322	0.0471092	0.670634	0.0176056	0.614754	0.069479	0.876228	0.0636182	0.632696	0.108235	0.841004	0.0835266	0.7375	1
mut56	0.549912	0.083752	0.675926	0.0323232	0.679316	0.0175439	0.698412	0.0517242	0.885436	0.0561404	0.661996	0.11976	0.863436	0.081081	0.821428	1
mut57	0.682568	0.137755	0.652094	0.0508474	0.689656	0.0278884	0.691824	0.0806794	0.844606	0.0548524	0.72519	0.0585774	0.85205	0.0535372	0.779956	1
mut58	0.576998	0.178971	0.680584	0.03937	0.669354	0.0173913	0.689108	0.0722348	0.96838	0.0836654	0.66833	0.0745342	0.830054	0.0797228	0.758242	1
mut59	0.621004	0.12285	0.695482	0.0414746	0.702402	0.0410678	0.718446	0.0737528	0.795834	0.0576576	0.680776	0.0650994	0.878048	0.0807174	0.78481	1
mut60	0.596274	0.169492	0.674374	0.051282	0.696832	0.0117647	0.734848	0.068053	0.868274	0.0531914	0.735042	0.041841	0.838446	0.0566448	0.779324	1
mut61	0.616072	0.114035	0.62203	0.0393874	0.686992	0.0292276	0.710526	0.0824742	0.898662	0.0633664	0.69281	0.114286	0.800752	0.0845666	0.783186	1
mut62	0.645476	0.159393	0.671362	0.0176211	0.776516	0.00736648	0.592292	0.0970874	0.904214	0.0630252	0.568848	0.074844	0.782796	0.0661158	0.730224	1
mut63	0.643006	0.116129	0.622602	0.0486816	0.709418	0.0538462	0.641732	0.0818714	0.872298	0.0268096	0.732984	0.103734	0.866556	0.0917782	0.780172	1
mut64	0.54054	0.0982142	0.675522	0.039007	0.695652	0.008658	0.671506	0.073913	0.946746	0.0405406	0.596638	0.0503144	0.839908	0.080306	0.772834	1
mut65	0.655502	0.177083	0.729928	0.048443	0.698796	0.0175824	0.691176	0.0708334	0.957746	0.0639658	0.62136	0.0759494	0.89796	0.0609318	0.743084	1
mut66	0.626126	0.123552	0.62845	0.0281124	0.70437	0.0209206	0.703704	0.0791208	0.937094	0.071006	0.749004	0.083467	0.836364	0.0916334	0.706122	1
mut67	0.589042	0.113971	0.663794	0.037267	0.775362	0.0273348	0.629344	0.0555556	0.821802	0.0777778	0.666666	0.0954546	0.822394	0.0661764	0.675214	1
mut68	0.510792	0.132231	0.733198	0.0346154	0.638722	0.0276134	0.655246	0.0637814	0.901024	0.0567952	0.665138	0.0732266	0.866906	0.090909	0.78245	1
mut69	0.278746	0.872428	0.209446	0.995496	0.272138	0.95183	0.308026	0.944444	0.114723	0.916364	0.310954	0.885594	0.0687022	0.78938	0.115464	2
mut70	0.288696	0.893238	0.262296	0.93307	0.252788	0.983178	0.2528	0.973244	0.101562	0.957628	0.310044	0.883072	0.072893	0.88	0.0938166	2
mut71	0.332604	0.81132	0.209524	0.994242	0.217312	0.943972	0.267692	0.928302	0.115139	0.914286	0.2407	0.90297	0.0979284	0.857142	0.125461	2
mut72	0.317214	0.811716	0.180392	0.980322	0.175676	0.957404	0.299146	0.995762	0.0689656	0.921934	0.304348	0.977152	0.100671	0.904918	0.0780288	2
mut73	0.258064	0.82281	0.22395	0.940936	0.294696	0.97989	0.275424	0.914894	0.062271	0.937854	0.281996	0.958058	0.090164	0.98018	0.114478	2
mut74	0.285172	0.796	0.21803	0.924528	0.249496	0.993258	0.294228	0.978494	0.0784314	0.998028	0.248544	0.909502	0.102326	0.877324	0.113445	2
mut75	0.322982	0.75431	0.202846	0.929516	0.2565	0.989248	0.362812	0.888496	0.108317	0.936758	0.338984	0.904348	0.147117	0.865418	0.138776	2
mut76	0.306722	0.833962	0.232346	0.986084	0.264574	0.927966	0.253522	0.989562	0.111753	0.953308	0.289276	0.864608	0.120482	0.836134	0.109756	2
mut77	0.293786	0.846918	0.204408	0.898702	0.268868	0.945132	0.321084	0.9236	0.078341	0.862144	0.292994	0.956364	0.148796	0.895204	0.133816	2
mut78	0.295358	0.818868	0.159204	0.945882	0.243362	0.99792	0.280098	0.898786	0.0910624	0.923076	0.313576	0.917594	0.107527	0.926004	0.103647	2
mut79	0.299466	0.881226	0.201716	1	0.315522	0.964566	0.322456	0.920634	0.09009	0.947598	0.255864	0.925782	0.0902256	0.949212	0.0894118	2
mut80	0.320676	0.881188	0.2099	0.983472	0.22547	1	0.320642	0.910092	0.0536912	0.929524	0.289704	0.914814	0.115299	0.881416	0.142857	2
mut81	0.308852	0.874252	0.243244	0.936586	0.265848	0.944786	0.285714	0.94332	0.074074	0.913684	0.33218	0.90071	0.109589	0.973084	0.110169	2
mut82	0.284518	0.849094	0.244186	0.946058	0.288248	0.904546	0.299402	0.87476	0.0422832	0.952562	0.335354	0.818182	0.129032	0.99537	0.102908	2
mut83	0.306696	0.847966	0.205674	0.899598	0.34074	0.978724	0.269662	0.939914	0.0814664	0.961206	0.273148	0.896826	0.128544	0.972222	0.131148	2
mut84	0.272912	0.844358	0.269896	0.932038	0.209606	1	0.267162	0.852234	0.111776	0.940966	0.33402	0.809322	0.110883	0.876566	0.117417	2
mut85	0.223918	0.847776	0.207514	0.970464	0.282398	1	0.318658	0.982792	0.0837004	1	0.306604	0.952702	0.134884	0.909836	0.169118	2
mut86	0.362236	0.869888	0.204546	0.976034	0.244814	0.943662	0.290076	0.945892	0.095238	0.89758	0.26789	0.893618	0.114603	0.847656	0.121569	2
mut87	0.271494	0.846774	0.195918	0.913152	0.22689	0.944762	0.26742	0.911564	0.0565218	0.983334	0.330708	0.98106	0.118705	0.932126	0.116232	2
mut88	0.32061	0.847196	0.196787	1	0.246648	1	0.34866	0.900692	0.0828828	0.908228	0.311196	0.895622	0.090909	0.951578	0.130672	2
mut89	0.310838	0.894212	0.2789	0.89151	0.288136	0.997964	0.252136	0.939516	0.071028	0.927836	0.258474	0.929792	0.105485	0.969162	0.162047	2
mut90	0.337712	0.842976	0.223602	0.934782	0.289592	0.94719	0.242678	0.930656	0.0864864	0.90718	0.191882	0.834286	0.11236	0.887218	0.139442	2
mut91	0.342008	0.884328	0.211982	0.991182	0.22381	0.9984	0.34589	0.960474	0.103053	0.984376	0.265524	0.863282	0.133562	0.918518	0.139286	2
mut92	0.306748	0.809524	0.26694	0.908024	0.26923	0.97446	0.295358	0.92823	0.0783582	0.89434	0.318472	0.921676	0.119002	0.919038	0.130081	2
mut93	0.352746	0.869748	0.20915	0.973584	0.26164	0.970874	0.280098	0.940966	0.0514018	0.929936	0.270042	0.827434	0.106977	0.904014	0.138067	2
mut94	0.329114	0.883002	0.266394	0.895834	0.272322	0.904348	0.333334	0.957816	0.0931174	0.883064	0.318494	0.898832	0.121704	0.9	0.0963856	2
mut95	0.287938	0.875518	0.191537	0.965794	0.295748	1	0.301616	0.897778	0.0855398	0.938776	0.278008	0.925312	0.157424	0.973094	0.129412	2
mut96	0.302788	0.868966	0.22136	0.96788	0.26506	0.945378	0.283262	0.91129	0.0659794	0.948818	0.255874	0.903354	0.110375	0.90595	0.117117	2
mut97	0.364964	0.795276	0.199557	0.923076	0.216868	0.965518	0.240534	0.934394	0.0839416	0.943232	0.28745	0.874016	0.10148	0.89328	0.140417	2
mut98	0.272322	0.904458	0.188073	1	0.255614	1	0.356846	0.933594	0.105932	0.907258	0.234344	0.8875	0.09375	0.910624	0.092	2
mut99	0.337812	0.825726	0.204082	0.949892	0.335196	0.980252	0.280142	0.863454	0.0746888	0.94465	0.354716	0.97479	0.102215	0.933036	0.0942622	2
mut100	0.331684	0.84058	0.205608	0.970588	0.259016	0.966166	0.285116	0.898924	0.0820896	0.926994	0.314466	0.914406	0.132812	0.852398	0.109589	2
mut101	0.283582	0.87759	0.229268	0.938326	0.18107	1	0.342858	0.916844	0.0681362	0.990404	0.259024	0.877324	0.122523	0.962376	0.148984	2
mut102	0.307054	0.847458	0.181102	0.94186	0.275154	0.912698	0.291116	0.869732	0.0696056	0.899082	0.340508	0.980544	0.116981	0.862746	0.136622	2
mut103	0.34008	0.815964	0.289738	0.99062	0.219048	0.904848	0.261718	0.97732	0.0882352	0.888888	0.300926	0.889764	0.135135	0.852526	0.168033	2
mut104	0.374332	0.865218	0.20443	0.865672	0.27957	0.920388	0.277666	0.892988	0.077634	0.93188	0.287526	0.941908	0.125683	0.875518	0.100209	2
mut105	0.315582	0.895522	0.234676	0.966666	0.212944	0.99569	0.259124	0.894624	0.089172	0.85446	0.254026	0.921052	0.0927644	0.865498	0.135484	2
mut106	0.337918	0.827708	0.216696	1	0.277478	0.993914	0.305164	0.938272	0.0736196	0.860814	0.2746	0.831776	0.090909	0.925858	0.168831	2
mut107	0.267782	0.840404	0.20678	0.93985	0.30206	0.967442	0.260274	0.930966	0.0751634	0.876612	0.297482	0.975718	0.096475	0.877552	0.139955	2
mut108	0.286836	0.850102	0.211454	0.946428	0.286298	0.918552	0.285172	0.884706	0.080537	0.87574	0.261438	0.855046	0.134454	0.92683	0.100686	2
mut109	0.333334	0.82	0.194726	0.94312	0.29762	1	0.267442	0.951586	0.0760096	0.875846	0.276018	0.943522	0.0980036	0.920864	0.140496	2
mut110	0.128906	0.433028	0.0377952	0.624032	0.092827	0.756972	0.103044	0.50376	0.00364964	0.538948	0.0961924	0.37581	0.02537	0.632768	0.046083	3
mut111	0.0650096	0.409524	0.071006	0.657588	0.119349	0.770712	0.105495	0.530702	0.0069324	0.612966	0.0491072	0.38983	0.0329218	0.47817	0.0240964	3
mut112	0.0970266	0.486956	0.0646388	0.673652	0.086444	0.778524	0.117155	0.516854	0.0087146	0.616352	0.0872866	0.402844	0.0225564	0.490872	0.0290456	3
mut113	0.116638	0.502712	0.0784314	0.720174	0.103175	0.732732	0.109474	0.466666	0.0130435	0.626224	0.073922	0.434782	0.0169205	0.54361	0.021834	3
mut114	0.072	0.49074	0.0594966	0.65567	0.0677966	0.763514	0.107759	0.488636	0.00437636	0.593886	0.0696324	0.405064	0.0133929	0.5	0.0251572	3
mut115	0.109705	0.472	0.0801688	0.65926	0.0872728	0.737864	0.127103	0.538984	0	0.60606	0.0917874	0.383838	0.0170576	0.503968	0.0452674	3
mut116	0.088993	0.48337	0.0334728	0.681672	0.0942622	0.741418	0.105485	0.411214	0	0.713968	0.0712788	0.410344	0	0.467326	0.0299004	3
mut117	0.099567	0.447312	0.0506822	0.627788	0.0813772	0.751678	0.0880504	0.52156	0.0042194	0.644788	0.087619	0.3375	0.00826446	0.54989	0.0411522	3
mut118	0.1	0.430584	0.0867992	0.572534	0.130536	0.704846	0.118674	0.550538	0.00411522	0.62754	0.0925926	0.418804	0.00954654	0.530694	0.0165631	3
mut119	0.0855398	0.437768	0.0804828	0.643138	0.097902	0.792592	0.115813	0.455556	0.00716846	0.589354	0.10148	0.359832	0.0160643	0.501036	0.0374532	3
mut120	0.116129	0.453222	0.078161	0.692556	0.104693	0.779116	0.123007	0.458598	0	0.53125	0.0828402	0.428266	0.00764818	0.545454	0.0384616	3
mut121	0.0875274	0.414634	0.0725806	0.684104	0.0943026	0.766038	0.143852	0.487804	0.0075188	0.618026	0.0948766	0.389286	0.0204082	0.54074	0.0179775	3
mut122	0.090909	0.49244	0.0694144	0.662222	0.107477	0.776666	0.0940696	0.490566	0.00747664	0.600398	0.0724346	0.428572	0.0179533	0.533604	0.0215518	3
mut123	0.102222	0.37244	0.042644	0.783938	0.08076	0.770398	0.153153	0.5	0	0.530076	0.077348	0.405204	0.0124481	0.47585	0.0165746	3
mut124	0.117216	0.459628	0.0782122	0.744898	0.137667	0.811926	0.123457	0.490722	0.0162602	0.610878	0.101449	0.40873	0.0156556	0.525386	0.0487804	3
mut125	0.0754716	0.438596	0.068	0.710526	0.139831	0.757142	0.119149	0.492592	0.00456622	0.652078	0.0861678	0.367256	0.03719	0.486692	0.0177384	3
mut126	0.0878662	0.428572	0.0583942	0.69112	0.0728156	0.816778	0.162162	0.507216	0.00430108	0.607076	0.110619	0.395112	0	0.497238	0.0251572	3
mut127	0.0801604	0.452674	0.0782778	0.627272	0.0746888	0.731518	0.0990566	0.527676	0.0046083	0.594828	0.0785854	0.435294	0.0228136	0.503172	0.037244	3
mut128	0.102881	0.425532	0.0561404	0.757202	0.0851926	0.72314	0.111554	0.565056	0.00347222	0.56492	0.071579	0.412904	0.0250896	0.491744	0.0118812	3
mut129	0.100239	0.45631	0.0756302	0.725234	0.102113	0.827338	0.104822	0.49741	0.0149813	0.57732	0.104784	0.434306	0	0.568548	0.026616	3
mut130	0.0917432	0.448088	0.0562248	0.652088	0.103175	0.796646	0.132686	0.500994	0	0.576064	0.145455	0.376866	0.0120724	0.51577	0.015748	3
