mutID	sample0	sample1	sample2	sample3	sample4	clusterID
mut0	1	1	1	1	1	0
mut1	1	1	1	1	1	0
mut2	1	1	1	1	1	0
mut3	1	1	1	1	1	0
mut4	1	1	1	1	1	0
mut5	0.849385	0.0752736	0.122347	0.90456	0.109286	1
mut6	0.849385	0.0752736	0.122347	0.90456	0.109286	1
mut7	0.849385	0.0752736	0.122347	0.90456	0.109286	1
mut8	0.849385	0.0752736	0.122347	0.90456	0.109286	1
mut9	0.849385	0.0752736	0.122347	0.90456	0.109286	1
mut10	0.889978	0.0645153	0.0909031	0.172694	0.0973167	2
mut11	0.889978	0.0645153	0.0909031	0.172694	0.0973167	2
mut12	0.889978	0.0645153	0.0909031	0.172694	0.0973167	2
mut13	0.889978	0.0645153	0.0909031	0.172694	0.0973167	2
mut14	0.889978	0.0645153	0.0909031	0.172694	0.0973167	2
mut15	0.782061	0.0504533	0.0775013	0.155725	0.0838385	3
mut16	0.782061	0.0504533	0.0775013	0.155725	0.0838385	3
mut17	0.782061	0.0504533	0.0775013	0.155725	0.0838385	3
mut18	0.782061	0.0504533	0.0775013	0.155725	0.0838385	3
mut19	0.782061	0.0504533	0.0775013	0.155725	0.0838385	3
mut20	0.130414	0.0252994	0.0293558	0.0298422	0.0217758	4
mut21	0.130414	0.0252994	0.0293558	0.0298422	0.0217758	4
mut22	0.130414	0.0252994	0.0293558	0.0298422	0.0217758	4
mut23	0.130414	0.0252994	0.0293558	0.0298422	0.0217758	4
mut24	0.130414	0.0252994	0.0293558	0.0298422	0.0217758	4
mut25	0.0273934	0.767788	0.176693	0.0463504	0.0287295	5
mut26	0.0273934	0.767788	0.176693	0.0463504	0.0287295	5
mut27	0.0273934	0.767788	0.176693	0.0463504	0.0287295	5
mut28	0.0273934	0.767788	0.176693	0.0463504	0.0287295	5
mut29	0.0273934	0.767788	0.176693	0.0463504	0.0287295	5
mut30	0.00969553	0.425963	0.0145165	0.023141	0.00600182	6
mut31	0.00969553	0.425963	0.0145165	0.023141	0.00600182	6
mut32	0.00969553	0.425963	0.0145165	0.023141	0.00600182	6
mut33	0.00969553	0.425963	0.0145165	0.023141	0.00600182	6
mut34	0.00969553	0.425963	0.0145165	0.023141	0.00600182	6
mut35	0.00683509	0.291855	0.116752	0.0138864	0.0138779	7
mut36	0.00683509	0.291855	0.116752	0.0138864	0.0138779	7
mut37	0.00683509	0.291855	0.116752	0.0138864	0.0138779	7
mut38	0.00683509	0.291855	0.116752	0.0138864	0.0138779	7
mut39	0.00683509	0.291855	0.116752	0.0138864	0.0138779	7
mut40	0.0236615	0.0546742	0.676374	0.0402878	0.537368	8
mut41	0.0236615	0.0546742	0.676374	0.0402878	0.537368	8
mut42	0.0236615	0.0546742	0.676374	0.0402878	0.537368	8
mut43	0.0236615	0.0546742	0.676374	0.0402878	0.537368	8
mut44	0.0236615	0.0546742	0.676374	0.0402878	0.537368	8
mut45	0.00785276	0.0130984	0.0130722	0.671921	0.00677647	9
mut46	0.00785276	0.0130984	0.0130722	0.671921	0.00677647	9
mut47	0.00785276	0.0130984	0.0130722	0.671921	0.00677647	9
mut48	0.00785276	0.0130984	0.0130722	0.671921	0.00677647	9
mut49	0.00785276	0.0130984	0.0130722	0.671921	0.00677647	9
mut50	0.016914	0.0478593	0.353548	0.0237063	0.408019	10
mut51	0.016914	0.0478593	0.353548	0.0237063	0.408019	10
mut52	0.016914	0.0478593	0.353548	0.0237063	0.408019	10
mut53	0.016914	0.0478593	0.353548	0.0237063	0.408019	10
mut54	0.016914	0.0478593	0.353548	0.0237063	0.408019	10
mut55	0.0447012	0.00986957	0.0307376	0.013938	0.369148	11
mut56	0.0447012	0.00986957	0.0307376	0.013938	0.369148	11
mut57	0.0447012	0.00986957	0.0307376	0.013938	0.369148	11
mut58	0.0447012	0.00986957	0.0307376	0.013938	0.369148	11
mut59	0.0447012	0.00986957	0.0307376	0.013938	0.369148	11
mut60	0.0347543	0.0083609	0.0125493	0.0352627	0.0539906	12
mut61	0.0347543	0.0083609	0.0125493	0.0352627	0.0539906	12
mut62	0.0347543	0.0083609	0.0125493	0.0352627	0.0539906	12
mut63	0.0347543	0.0083609	0.0125493	0.0352627	0.0539906	12
mut64	0.0347543	0.0083609	0.0125493	0.0352627	0.0539906	12
mut65	0.0774656	0.00868761	0.0119103	0.0463427	0.00610647	13
mut66	0.0774656	0.00868761	0.0119103	0.0463427	0.00610647	13
mut67	0.0774656	0.00868761	0.0119103	0.0463427	0.00610647	13
mut68	0.0774656	0.00868761	0.0119103	0.0463427	0.00610647	13
mut69	0.0774656	0.00868761	0.0119103	0.0463427	0.00610647	13
mut70	0.00944916	0.0267405	0.0165278	0.0131832	0.162977	14
mut71	0.00944916	0.0267405	0.0165278	0.0131832	0.162977	14
mut72	0.00944916	0.0267405	0.0165278	0.0131832	0.162977	14
mut73	0.00944916	0.0267405	0.0165278	0.0131832	0.162977	14
mut74	0.00944916	0.0267405	0.0165278	0.0131832	0.162977	14
